Category,Short_Name,Full_Name,Profit_4yr_%,Profit_5yr_%,Rank_4yr,Percentile_4yr,Rank_5yr,Percentile_5yr
Broad,NN50,NIFTY NEXT 50,83.4812020246098,82.81425885674953,68.0,0.5826086956521739,58.0,0.4956521739130435
Broad,NMC100,NIFTY Midcap 100,98.42965481299399,116.72543441724615,89.0,0.7652173913043478,96.0,0.8260869565217391
Broad,NMIDSEL,Nifty Midcap Select,96.04692979132365,101.342196405008,87.0,0.7478260869565218,79.0,0.6782608695652174
Broad,NMC50,NIFTY MIDCAP 50,100.16046167037997,124.7137212412193,93.0,0.8,99.0,0.8521739130434782
Broad,NSC50,NIFTY SMALLCAP 50,110.28319710055521,114.29966325997351,99.0,0.8521739130434782,94.0,0.808695652173913
Broad,NMC150,NIFTY MIDCAP 150,93.04502427661345,112.38201563745496,86.0,0.7391304347826086,92.0,0.7913043478260869
Broad,NMSC400,NIFTY MIDSMALLCAP 400,91.69077344701584,108.72650881947803,83.0,0.7130434782608696,88.0,0.7565217391304347
Broad,NMICRO,NIFTY MICROCAP 250,123.33952843231042,147.34481338529028,105.0,0.9043478260869565,105.0,0.9043478260869565
Broad,NLMC250,NIFTY LargeMidcap 250,72.85156532427156,86.27022197751396,56.0,0.4782608695652174,65.0,0.5565217391304348
Broad,NSC100,NIFTY SMALLCAP 100,96.10855571957086,101.82446334611402,88.0,0.7565217391304347,80.0,0.6869565217391305
Broad,N500EQ,NIFTY500 EQUAL WEIGHT,86.33654036355179,98.43072373010354,73.0,0.6260869565217392,75.0,0.6434782608695652
Broad,NMC5025,NIFTY500 MULTICAP 50:25:25,72.28353425394243,84.08162807492238,55.0,0.46956521739130436,61.0,0.5217391304347826
Broad,NTOTLM,Nifty Total Market,64.32035007304205,74.76152695061815,41.0,0.34782608695652173,49.0,0.41739130434782606
Broad,N200,NIFTY 200,59.530090235080614,69.07049630621955,34.0,0.28695652173913044,36.0,0.30434782608695654
Broad,NSC250,NIFTY SMALLCAP 250,89.29833037499168,101.32891602490646,80.0,0.6869565217391305,78.0,0.6695652173913044
Broad,N500,NIFTY 500,62.301265036743736,72.43641636290292,39.0,0.33043478260869563,46.0,0.391304347826087
Broad,N100,NIFTY 100,53.61629339810663,62.014041809883366,25.0,0.20869565217391303,29.0,0.24347826086956523
Broad,N50,NIFTY 50,48.8693044712149,60.141580509305825,20.0,0.16521739130434782,22.0,0.1826086956521739
Sector,NMSFINS,Nifty MidSmall Financial Services,142.70458791348784,185.0110706421581,113.0,0.9739130434782609,112.0,0.9652173913043478
Sector,NPSUBANK,NIFTY PSU BANK,119.29515944748763,237.44933809686168,104.0,0.8956521739130435,114.0,0.9826086956521739
Sector,NMSHC,Nifty MidSmall Healthcare,126.97334119459653,120.70067034303109,109.0,0.9391304347826087,98.0,0.8434782608695652
Sector,NAUTO,NIFTY AUTO,107.3681761206316,138.89823972951038,98.0,0.8434782608695652,104.0,0.8956521739130435
Sector,NREALTY,NIFTY REALTY,132.187949143173,132.87279340015962,110.0,0.9478260869565217,102.0,0.8782608695652174
Sector,NHEALTH,Nifty HEALTHCARE,92.95230810163629,92.34565718295694,85.0,0.7304347826086957,71.0,0.6086956521739131
Sector,NFINSEXB,Nifty Financial Services Ex Bank,100.88959784769969,111.29880956716656,94.0,0.808695652173913,90.0,0.7739130434782608
Sector,NOILGAS,NIFTY OIL AND GAS INDEX,70.99354598196604,58.599716637722466,52.0,0.4434782608695652,19.0,0.1565217391304348
Sector,NMETAL,NIFTY METAL,84.20670428951976,102.94421920151922,69.0,0.591304347826087,81.0,0.6956521739130435
Sector,NPHARMA,NIFTY PHARMA,85.87563397116308,80.80463697983565,72.0,0.6173913043478261,56.0,0.4782608695652174
Sector,NFINS25,NIFTY FINANCIAL SERVICES 25/50,74.00343158147818,89.55667900706612,57.0,0.48695652173913045,67.0,0.5739130434782609
Sector,NFINSERV,NIFTY FINANCIAL SERVICES,52.46656143777323,70.63613098348236,24.0,0.2,41.0,0.34782608695652173
Sector,NBANK,NIFTY BANK,43.04685820462101,67.77654718712334,12.0,0.09565217391304348,34.0,0.28695652173913044
Sector,NCONDUR,NIFTY CONSUMER DURABLES,55.931354488709474,54.53416232333574,29.0,0.24347826086956523,15.0,0.12173913043478261
Sector,NCHEM,NIFTY CHEMICALS,32.57294860896054,36.327974713637275,7.0,0.05217391304347826,6.0,0.043478260869565216
Sector,NPVTBANK,NIFTY PRIVATE BANK,34.4871972697765,58.05944060147484,9.0,0.06956521739130435,18.0,0.14782608695652175
Sector,NMSITT,Nifty MidSmall IT & Telecom,67.09134612279796,64.63573091161764,46.0,0.391304347826087,33.0,0.2782608695652174
Sector,NTECH,NIFTY IT,22.967387259762017,27.406504638512786,3.0,0.017391304347826087,3.0,0.017391304347826087
Sector,NFMCG,NIFTY FMCG,27.54813415008332,51.7704741715973,6.0,0.043478260869565216,13.0,0.10434782608695652
Sector,NMEDIA,NIFTY MEDIA,-18.470478597094903,-25.96325198753367,1.0,0.0,1.0,0.0
Strategy,N200V30,Nifty200 Value 30,136.2592143189437,178.1003791428526,111.0,0.9565217391304348,110.0,0.9478260869565217
Strategy,N500V50,NIFTY500 VALUE 50,125.7329835948962,166.40663040010745,107.0,0.9217391304347826,108.0,0.9304347826086956
Strategy,NAQVLV30,NIFTY ALPHA QUALITY VALUE LOW-VOLATILITY 30,92.78060234058681,110.49765358045991,84.0,0.7217391304347827,89.0,0.7652173913043478
Strategy,N500LV50,NIFTY500 LOW VOLATILITY 50,79.53505993955433,94.17368891891724,65.0,0.5565217391304348,73.0,0.6260869565217392
Strategy,N500MQVLV50,NIFTY500 MULTIFACTOR MQVLv 50,98.98789752008173,112.58593034960387,92.0,0.7913043478260869,93.0,0.8
Strategy,NMC150M50,NIFTY Midcap150 Momentum 50,101.42789428313866,117.34621280632341,95.0,0.8173913043478261,97.0,0.8347826086956521
Strategy,N100AL30,NIFTY100 ALPHA 30,79.06073225406254,68.67768981143739,63.0,0.5391304347826087,35.0,0.2956521739130435
Strategy,NAQLV30,NIFTY ALPHA QUALITY LOW VOLATILITY 30,87.98129009595296,105.25727174727844,78.0,0.6695652173913044,85.0,0.7304347826086957
Strategy,N200AL30,NIFTY200 ALPHA 30,104.86480163107058,115.17511330026646,97.0,0.8347826086956521,95.0,0.8173913043478261
Strategy,N100EQWT,NIFTY 100 EQUAL WEIGHT,75.35481406067134,78.93080034817717,58.0,0.4956521739130435,52.0,0.4434782608695652
Strategy,N500Q50,NIFTY500 QUALITY 50,79.23255533461766,83.07339860256612,64.0,0.5478260869565217,60.0,0.5130434782608696
Strategy,N500MMCQ50,NIFTY500 MULTICAP MOMENTUM QUALITY 50,87.04558086216491,90.50129975601378,75.0,0.6434782608695652,69.0,0.591304347826087
Strategy,N5ARB,NIFTY ALPHA 50,98.95180393673053,74.28027653762751,90.0,0.7739130434782608,47.0,0.4
Strategy,NAL50,NIFTY ALPHA 50,98.95180393673053,74.28027653762751,90.0,0.7739130434782608,47.0,0.4
Strategy,N500M50,NIFTY500 MOMENTUM 50,88.8251351722277,94.05039125288404,79.0,0.6782608695652174,72.0,0.6173913043478261
Strategy,N50EW,NIFTY50 EQUAL WEIGHT,68.32210287383653,80.56214711324193,48.0,0.40869565217391307,55.0,0.46956521739130436
Strategy,N500EW,NIFTY500 EQUAL WEIGHT,86.33654036355179,98.43072373010354,73.0,0.6260869565217392,75.0,0.6434782608695652
Strategy,N100LV30,NIFTY 100 LOW VOLATILITY 30,61.525299726898886,69.07581583288234,38.0,0.3217391304347826,37.0,0.3130434782608696
Strategy,NLV50,NIFTY LOW VOLATILITY 50,64.87812756640966,72.05248954762557,42.0,0.3565217391304348,45.0,0.3826086956521739
Strategy,NMSC400MQ100,Nifty MidSmallcap400 Momentum Quality 100,81.19598499523822,91.45231071481628,67.0,0.5739130434782609,70.0,0.6
Strategy,NDIVOP50,NIFTY DIVIDEND OPPORTUNITIES 50,65.31091351938258,85.68425991813817,43.0,0.3652173913043478,64.0,0.5478260869565217
Strategy,N200M30,NIFTY200 MOMENTUM 30,75.50259157154112,80.18013680161565,60.0,0.5130434782608696,54.0,0.4608695652173913
Strategy,NALV30,NIFTY ALPHA LOW VOLATILITY 30,62.86421280544388,75.01347029886571,40.0,0.3391304347826087,50.0,0.4260869565217391
Strategy,NHBETA50,NIFTY HIGH BETA 50,85.65911488495274,111.85742967661557,70.0,0.6,91.0,0.782608695652174
Strategy,NSC250Q50,Nifty Smallcap250 Quality 50,77.71693675790435,90.3259705136757,61.0,0.5217391304347826,68.0,0.5826086956521739
Strategy,NTOP15EW,NIFTY TOP 15 EQUAL WEIGHT,48.6597441004736,69.40152257480968,19.0,0.1565217391304348,38.0,0.3217391304347826
Strategy,N200Q30,NIFTY200 Quality 30,55.57437671354667,61.46385846925381,27.0,0.22608695652173913,28.0,0.23478260869565218
Strategy,NTOP20EW,NIFTY TOP 20 EQUAL WEIGHT,50.28631054186425,71.19016255527819,21.0,0.17391304347826086,43.0,0.3652173913043478
Strategy,N100Q30,NIFTY100 QUALITY 30,52.04692704173923,63.1219501225573,22.0,0.1826086956521739,31.0,0.2608695652173913
Strategy,NMC150Q50,NIFTY Midcap150 Quality 50,55.788374567830914,58.617936847823195,28.0,0.23478260869565218,20.0,0.16521739130434782
Strategy,N50V20,NIFTY50 VALUE 20,43.70574550071725,61.1910054426699,13.0,0.10434782608695652,26.0,0.21739130434782608
Strategy,NQLV30,NIFTY QUALITY LOW VOLATILITY 30,46.36498502805834,55.17244487307173,17.0,0.1391304347826087,17.0,0.1391304347826087
Strategy,NSC250MQ100,Nifty Smallcap250 Momentum Quality 100,68.71536324358917,79.06738491321025,49.0,0.41739130434782606,53.0,0.45217391304347826
Strategy,NGROW15,NIFTY GROWTH SECTORS 15,42.38368606423609,62.140930891915346,10.0,0.0782608695652174,30.0,0.25217391304347825
Strategy,NTOP10EW,NIFTY TOP 10 EQUAL WEIGHT,34.21471772593302,51.583588718738184,8.0,0.06086956521739131,12.0,0.09565217391304348
Strategy,N500FCQT30,Nifty500 Flexicap Quality 30,43.78543281794369,60.926677727123625,14.0,0.11304347826086956,25.0,0.20869565217391303
Thematic,NCM,Nifty Capital Markets,301.3742984032489,251.08473613871323,116.0,1.0,115.0,0.991304347826087
Thematic,NIDEF,Nifty India Defence,290.37184158259566,434.09555802165494,115.0,0.991304347826087,116.0,1.0
Thematic,NMAHIN,NIFTY INDIA CORPORATE GROUP INDEX - MAHINDRA GROUP,112.29118638281723,150.20996300936997,100.0,0.8608695652173913,106.0,0.9130434782608695
Thematic,NMIDLIQ15,NIFTY MIDCAP LIQUID 15,118.68206559340588,132.67524513412442,103.0,0.8869565217391304,101.0,0.8695652173913043
Thematic,NCPSE,NIFTY CPSE,146.567068934695,166.6181360830191,114.0,0.9826086956521739,109.0,0.9391304347826087
Thematic,NPSE,NIFTY PSE,141.67433906768358,159.85828685071434,112.0,0.9652173913043478,107.0,0.9217391304347826
Thematic,NMOBIL,Nifty Mobility,114.08412106397274,129.05030430174247,102.0,0.8782608695652174,100.0,0.8608695652173913
Thematic,NTRANS,Nifty Transportation & Logistics,112.34634618848796,134.6923216992007,101.0,0.8695652173913043,103.0,0.8869565217391304
Thematic,NNACON,NIFTY INDIA NEW AGE CONSUMPTION,104.62287831699739,105.9082961866209,96.0,0.8260869565217391,87.0,0.7478260869565218
Thematic,NIMFG,Nifty India Manufacturing,89.58440294433434,104.21931933107169,81.0,0.6956521739130435,83.0,0.7130434782608696
Thematic,NSMEE,NIFTY SME EMERGE,124.86782730003274,227.26673807249833,106.0,0.9130434782608695,113.0,0.9739130434782609
Thematic,NMFG532,NIFTY500 MULTICAP INDIA MANUFATURING 50:30:20,87.35741882707124,104.65107386656365,76.0,0.6521739130434783,84.0,0.7217391304347827
Thematic,NREiT,Nifty REITs & InvITs,54.85846690732357,43.646383497372334,26.0,0.21739130434782608,7.0,0.05217391304347826
Thematic,NINFRA,NIFTY INFRASTRUCTURE,90.86335191681768,99.41412964358747,82.0,0.7043478260869566,77.0,0.6608695652173913
Thematic,NINFRA532,NIFTY500 MULTICAP INFRASTRUCTURE 50:30:20,85.7889713090518,104.1868676624858,71.0,0.6086956521739131,82.0,0.7043478260869566
Thematic,NMSICON,Nifty MidSmall India Consumption,87.6115691042445,95.04441031779437,77.0,0.6608695652173913,74.0,0.6347826086956522
Thematic,NCOMM,NIFTY COMMODITIES,72.27630206797369,76.26651840971304,54.0,0.4608695652173913,51.0,0.43478260869565216
Thematic,NICON,NIFTY INDIA CONSUMPTION,70.88537498728894,83.0516000014208,51.0,0.43478260869565216,59.0,0.5043478260869565
Thematic,NIDIGI,Nifty India Digital,79.65275497323206,71.10662528998826,66.0,0.5652173913043478,42.0,0.3565217391304348
Thematic,NEVNAA,Nifty EV & New Age Automotive,78.65031469626143,105.41842263696566,62.0,0.5304347826086957,86.0,0.7391304347826086
Thematic,NLCLIQ15,NIFTY100 LIQUID 15,72.03203942838132,82.71717804645048,53.0,0.45217391304347826,57.0,0.48695652173913045
Thematic,N5CORP,NIFTY INDIA SELECT 5 CORPORATE GROUPS (MAATR),61.290321447379206,61.32052864154359,36.0,0.30434782608695654,27.0,0.22608695652173913
Thematic,NRURAL,Nifty Rural,69.88899765886859,84.32147050773835,50.0,0.4260869565217391,63.0,0.5391304347826087
Thematic,NBIRLA,NIFTY INDIA CORPORATE GROUP INDEX - ADITYA BIRLA GROUP,66.60752318790793,84.26247632580254,45.0,0.3826086956521739,62.0,0.5304347826086957
Thematic,NMNC,NIFTY MNC,59.70878410925158,71.29602946144573,35.0,0.2956521739130435,44.0,0.3739130434782609
Thematic,NTOUR,NIFTY INDIA TOURISM,75.40935050193325,87.40014097744363,59.0,0.5043478260869565,66.0,0.5652173913043478
Thematic,N100ESG,NIFTY100 ESG,57.334546632324134,60.88963425212787,32.0,0.26956521739130435,24.0,0.2
Thematic,N100ESGE,NIFTY100 Enhanced ESG,57.18104947434624,60.781081116276646,31.0,0.2608695652173913,23.0,0.19130434782608696
Thematic,NRAIL,Nifty India Railways PSU,126.10653847087671,180.60292876943473,108.0,0.9304347826086956,111.0,0.9565217391304348
Thematic,N100ESGSL,Nifty100 ESG Sector Leaders,52.1683501270266,59.96548721091506,23.0,0.19130434782608696,21.0,0.17391304347826086
Thematic,NSERVSEC,NIFTY SERVICES SECTOR,44.55363185791438,53.87766223641531,15.0,0.12173913043478261,14.0,0.11304347826086956
Thematic,NENERGY,NIFTY ENERGY,66.38109249559272,46.48629120263673,44.0,0.3739130434782609,9.0,0.06956521739130435
Thematic,NHOUSING,Nifty Housing,59.32111455467292,69.4209126613713,33.0,0.2782608695652174,39.0,0.33043478260869563
Thematic,NNCCON,Nifty Non-Cyclical Consumer Index,61.420932130587616,70.44701424091662,37.0,0.3130434782608696,40.0,0.3391304347826087
Thematic,NCHOUS,Nifty Core Housing,56.25597269895691,64.53752931847308,30.0,0.25217391304347825,32.0,0.26956521739130435
Thematic,N500SH,NIFTY500 SHARIAH,45.26064212110761,50.50234181283866,16.0,0.13043478260869565,11.0,0.08695652173913043
Thematic,NSH25,NIFTY SHARIAH 25,42.7364627380579,45.303957119167706,11.0,0.08695652173913043,8.0,0.06086956521739131
Thematic,NIPO,NIFTY IPO,67.50323395806383,50.19151662283363,47.0,0.4,10.0,0.0782608695652174
Thematic,NTATA25,NIFTY INDIA CORPORATE GROUP INDEX - TATA GROUP 25% CAP,48.496118784749456,54.804569173433784,18.0,0.14782608695652175,16.0,0.13043478260869565
Thematic,N50SH,NIFTY50 SHARIAH,25.143862508183805,27.987139116861144,5.0,0.034782608695652174,4.0,0.02608695652173913
Thematic,NTATA,NIFTY INDIA CORPORATE GROUP INDEX - TATA GROUP,25.050702003214546,30.80370026361165,4.0,0.02608695652173913,5.0,0.034782608695652174
Thematic,NWAVES,Nifty Waves,5.321122854000286,-0.732884708130703,2.0,0.008695652173913044,2.0,0.008695652173913044
